,ZAI,Reaction MT,Extrapolation Size [d],Previous Steps,Extrapolation Scheme,Absolute Relative Error [%],Axial Node,ZAI Reaction,Step size $[d]$
8,541350,102,1.0,1,constant,0.1850617504727925,0,"Xe135 $(n, \gamma )$",1
9,541350,102,1.0,1,linear,0.6313233947315755,0,"Xe135 $(n, \gamma )$",1
10,641550,102,1.0,1,constant,0.17518123065440871,0,"Gd155 $(n, \gamma )$",1
11,641550,102,1.0,1,linear,0.43303791980477957,0,"Gd155 $(n, \gamma )$",1
24,541350,102,1.0,2,constant,0.15877918854625417,0,"Xe135 $(n, \gamma )$",1
25,541350,102,1.0,2,linear,0.3863807557455301,0,"Xe135 $(n, \gamma )$",1
26,541350,102,1.0,2,quadratic,0.9987373532109212,0,"Xe135 $(n, \gamma )$",1
27,641550,102,1.0,2,constant,0.1285502555882001,0,"Gd155 $(n, \gamma )$",1
28,641550,102,1.0,2,linear,0.35439541050377166,0,"Gd155 $(n, \gamma )$",1
29,641550,102,1.0,2,quadratic,0.551001683756458,0,"Gd155 $(n, \gamma )$",1
42,541350,102,1.0,3,constant,0.29872705694915513,0,"Xe135 $(n, \gamma )$",1
43,541350,102,1.0,3,linear,0.007315764659998614,0,"Xe135 $(n, \gamma )$",1
44,541350,102,1.0,3,quadratic,1.1300146857180282,0,"Xe135 $(n, \gamma )$",1
45,641550,102,1.0,3,constant,0.28936410473563434,0,"Gd155 $(n, \gamma )$",1
46,641550,102,1.0,3,linear,0.08015486524913795,0,"Gd155 $(n, \gamma )$",1
47,641550,102,1.0,3,quadratic,1.0553723924442426,0,"Gd155 $(n, \gamma )$",1
56,541350,102,1.0,1,constant,0.19333823085552204,1,"Xe135 $(n, \gamma )$",1
57,541350,102,1.0,1,linear,0.23804235787221462,1,"Xe135 $(n, \gamma )$",1
58,641550,102,1.0,1,constant,0.08820111967886568,1,"Gd155 $(n, \gamma )$",1
59,641550,102,1.0,1,linear,0.6295552973487162,1,"Gd155 $(n, \gamma )$",1
72,541350,102,1.0,2,constant,0.2579741342490838,1,"Xe135 $(n, \gamma )$",1
73,541350,102,1.0,2,linear,0.07972710550745443,1,"Xe135 $(n, \gamma )$",1
74,541350,102,1.0,2,quadratic,0.4755152364195103,1,"Xe135 $(n, \gamma )$",1
75,641550,102,1.0,2,constant,0.12886870180626175,1,"Gd155 $(n, \gamma )$",1
76,641550,102,1.0,2,linear,0.23238618358514262,1,"Gd155 $(n, \gamma )$",1
77,641550,102,1.0,2,quadratic,1.225308967994243,1,"Gd155 $(n, \gamma )$",1
90,541350,102,1.0,3,constant,0.3234642566301682,1,"Xe135 $(n, \gamma )$",1
91,541350,102,1.0,3,linear,0.041856730391431896,1,"Xe135 $(n, \gamma )$",1
92,541350,102,1.0,3,quadratic,0.2354797009094578,1,"Xe135 $(n, \gamma )$",1
93,641550,102,1.0,3,constant,0.23634731171435774,1,"Gd155 $(n, \gamma )$",1
94,641550,102,1.0,3,linear,0.2667159607056768,1,"Gd155 $(n, \gamma )$",1
95,641550,102,1.0,3,quadratic,0.42912221400664974,1,"Gd155 $(n, \gamma )$",1
104,541350,102,1.0,1,constant,0.14317531021315055,2,"Xe135 $(n, \gamma )$",1
105,541350,102,1.0,1,linear,0.09892112341999271,2,"Xe135 $(n, \gamma )$",1
106,641550,102,1.0,1,constant,0.1284767856663649,2,"Gd155 $(n, \gamma )$",1
107,641550,102,1.0,1,linear,0.11855269157527992,2,"Gd155 $(n, \gamma )$",1
120,541350,102,1.0,2,constant,0.1989992190437606,2,"Xe135 $(n, \gamma )$",1
121,541350,102,1.0,2,linear,0.049171318659102514,2,"Xe135 $(n, \gamma )$",1
122,541350,102,1.0,2,quadratic,0.1735458305613724,2,"Xe135 $(n, \gamma )$",1
123,641550,102,1.0,2,constant,0.20903181968547901,2,"Gd155 $(n, \gamma )$",1
124,641550,102,1.0,2,linear,0.11497644145237462,2,"Gd155 $(n, \gamma )$",1
125,641550,102,1.0,2,quadratic,0.12391706675968228,2,"Gd155 $(n, \gamma )$",1
138,541350,102,1.0,3,constant,0.280999623984024,2,"Xe135 $(n, \gamma )$",1
139,541350,102,1.0,3,linear,0.0890868596882477,2,"Xe135 $(n, \gamma )$",1
140,541350,102,1.0,3,quadratic,0.02039163509123254,2,"Xe135 $(n, \gamma )$",1
141,641550,102,1.0,3,constant,0.26660944666467845,2,"Gd155 $(n, \gamma )$",1
142,641550,102,1.0,3,linear,0.06812756484191329,2,"Gd155 $(n, \gamma )$",1
143,641550,102,1.0,3,quadratic,0.18748491269466872,2,"Gd155 $(n, \gamma )$",1
152,541350,102,1.0,1,constant,0.12504236248260803,3,"Xe135 $(n, \gamma )$",1
153,541350,102,1.0,1,linear,0.0712858328171917,3,"Xe135 $(n, \gamma )$",1
154,641550,102,1.0,1,constant,0.12293861193095612,3,"Gd155 $(n, \gamma )$",1
155,641550,102,1.0,1,linear,0.10777437786025912,3,"Gd155 $(n, \gamma )$",1
168,541350,102,1.0,2,constant,0.19243279459943974,3,"Xe135 $(n, \gamma )$",1
169,541350,102,1.0,2,linear,0.0751812335176627,3,"Xe135 $(n, \gamma )$",1
170,541350,102,1.0,2,quadratic,0.0654427317665851,3,"Xe135 $(n, \gamma )$",1
171,641550,102,1.0,2,constant,0.1671676279708212,3,"Gd155 $(n, \gamma )$",1
172,641550,102,1.0,2,linear,0.04242375007902366,3,"Gd155 $(n, \gamma )$",1
173,641550,102,1.0,2,quadratic,0.20580031953226774,3,"Gd155 $(n, \gamma )$",1
186,541350,102,1.0,3,constant,0.22583585560529418,3,"Xe135 $(n, \gamma )$",1
187,541350,102,1.0,3,linear,0.008180341470875874,3,"Xe135 $(n, \gamma )$",1
188,541350,102,1.0,3,quadratic,0.17324794614984595,3,"Xe135 $(n, \gamma )$",1
189,641550,102,1.0,3,constant,0.1972704378672363,3,"Gd155 $(n, \gamma )$",1
190,641550,102,1.0,3,linear,0.002166319152929752,3,"Gd155 $(n, \gamma )$",1
191,641550,102,1.0,3,quadratic,0.15015299629009826,3,"Gd155 $(n, \gamma )$",1
200,541350,102,1.0,1,constant,0.015914931742599947,4,"Xe135 $(n, \gamma )$",1
201,541350,102,1.0,1,linear,0.15207601442953633,4,"Xe135 $(n, \gamma )$",1
202,641550,102,1.0,1,constant,0.025131530783406575,4,"Gd155 $(n, \gamma )$",1
203,641550,102,1.0,1,linear,0.2649737484770931,4,"Gd155 $(n, \gamma )$",1
216,541350,102,1.0,2,constant,0.11592357689074184,4,"Xe135 $(n, \gamma )$",1
217,541350,102,1.0,2,linear,0.240099340611033,4,"Xe135 $(n, \gamma )$",1
218,541350,102,1.0,2,quadratic,0.020041025157180314,4,"Xe135 $(n, \gamma )$",1
219,641550,102,1.0,2,constant,0.09852288517260277,4,"Gd155 $(n, \gamma )$",1
220,641550,102,1.0,2,linear,0.2183529377485227,4,"Gd155 $(n, \gamma )$",1
221,641550,102,1.0,2,quadratic,0.3349049645701818,4,"Gd155 $(n, \gamma )$",1
234,541350,102,1.0,3,constant,0.22678777733240452,4,"Xe135 $(n, \gamma )$",1
235,541350,102,1.0,3,linear,0.283816282743532,4,"Xe135 $(n, \gamma )$",1
236,541350,102,1.0,3,quadratic,0.11950934854905171,4,"Xe135 $(n, \gamma )$",1
237,641550,102,1.0,3,constant,0.19354010391341436,4,"Gd155 $(n, \gamma )$",1
238,641550,102,1.0,3,linear,0.24994946376966087,4,"Gd155 $(n, \gamma )$",1
239,641550,102,1.0,3,quadratic,0.20009615542235792,4,"Gd155 $(n, \gamma )$",1
248,541350,102,1.0,1,constant,0.2529094994115688,5,"Xe135 $(n, \gamma )$",1
249,541350,102,1.0,1,linear,0.1307640184971426,5,"Xe135 $(n, \gamma )$",1
250,641550,102,1.0,1,constant,0.25458472932462506,5,"Gd155 $(n, \gamma )$",1
251,641550,102,1.0,1,linear,0.12729236466231253,5,"Gd155 $(n, \gamma )$",1
264,541350,102,1.0,2,constant,0.29738907843070983,5,"Xe135 $(n, \gamma )$",1
265,541350,102,1.0,2,linear,0.12323518106849285,5,"Xe135 $(n, \gamma )$",1
266,541350,102,1.0,2,quadratic,0.14205727464007278,5,"Xe135 $(n, \gamma )$",1
267,641550,102,1.0,2,constant,0.28250455534004626,5,"Gd155 $(n, \gamma )$",1
268,641550,102,1.0,2,linear,0.15631428907303402,5,"Gd155 $(n, \gamma )$",1
269,641550,102,1.0,2,quadratic,0.08375947804610817,5,"Gd155 $(n, \gamma )$",1
282,541350,102,1.0,3,constant,0.3809987993485642,5,"Xe135 $(n, \gamma )$",1
283,541350,102,1.0,3,linear,0.04309268791380383,5,"Xe135 $(n, \gamma )$",1
284,541350,102,1.0,3,quadratic,0.24815444419310495,5,"Xe135 $(n, \gamma )$",1
285,641550,102,1.0,3,constant,0.34908966672544395,5,"Gd155 $(n, \gamma )$",1
286,641550,102,1.0,3,linear,0.08623919943566705,5,"Gd155 $(n, \gamma )$",1
287,641550,102,1.0,3,quadratic,0.24328822077201995,5,"Gd155 $(n, \gamma )$",1
296,541350,102,1.0,1,constant,0.25240276654987515,6,"Xe135 $(n, \gamma )$",1
297,541350,102,1.0,1,linear,0.2622833018952275,6,"Xe135 $(n, \gamma )$",1
298,641550,102,1.0,1,constant,0.22986652731993296,6,"Gd155 $(n, \gamma )$",1
299,641550,102,1.0,1,linear,0.30963882882032445,6,"Gd155 $(n, \gamma )$",1
312,541350,102,1.0,2,constant,0.23773166861285056,6,"Xe135 $(n, \gamma )$",1
313,541350,102,1.0,2,linear,0.1101829396088938,6,"Xe135 $(n, \gamma )$",1
314,541350,102,1.0,2,quadratic,0.8209826641517592,6,"Xe135 $(n, \gamma )$",1
315,641550,102,1.0,2,constant,0.22995917807662192,6,"Gd155 $(n, \gamma )$",1
316,641550,102,1.0,2,linear,0.0498461070931322,6,"Gd155 $(n, \gamma )$",1
317,641550,102,1.0,2,quadratic,0.8488662326915031,6,"Gd155 $(n, \gamma )$",1
330,541350,102,1.0,3,constant,0.35465133686636285,6,"Xe135 $(n, \gamma )$",1
331,541350,102,1.0,3,linear,0.05988203239621903,6,"Xe135 $(n, \gamma )$",1
332,541350,102,1.0,3,quadratic,0.13248899667595015,6,"Xe135 $(n, \gamma )$",1
333,641550,102,1.0,3,constant,0.3684257339329644,6,"Gd155 $(n, \gamma )$",1
334,641550,102,1.0,3,linear,0.13703046912787453,6,"Gd155 $(n, \gamma )$",1
335,641550,102,1.0,3,quadratic,0.1054828864780255,6,"Gd155 $(n, \gamma )$",1
344,541350,102,1.0,1,constant,0.16747996867279014,7,"Xe135 $(n, \gamma )$",1
345,541350,102,1.0,1,linear,0.016868486053389642,7,"Xe135 $(n, \gamma )$",1
346,641550,102,1.0,1,constant,0.1300241033929117,7,"Gd155 $(n, \gamma )$",1
347,641550,102,1.0,1,linear,0.11911885601160188,7,"Gd155 $(n, \gamma )$",1
360,541350,102,1.0,2,constant,0.22651966985962613,7,"Xe135 $(n, \gamma )$",1
361,541350,102,1.0,2,linear,0.012048918609608439,7,"Xe135 $(n, \gamma )$",1
362,541350,102,1.0,2,quadratic,0.024097837219105855,7,"Xe135 $(n, \gamma )$",1
363,641550,102,1.0,2,constant,0.14092935077427704,7,"Gd155 $(n, \gamma )$",1
364,641550,102,1.0,2,linear,0.02516595549537648,7,"Gd155 $(n, \gamma )$",1
365,641550,102,1.0,2,quadratic,0.33554607327238584,7,"Gd155 $(n, \gamma )$",1
378,541350,102,1.0,3,constant,0.26191336827519063,7,"Xe135 $(n, \gamma )$",1
379,541350,102,1.0,3,linear,0.036447978793896496,7,"Xe135 $(n, \gamma )$",1
380,541350,102,1.0,3,quadratic,0.0878064943671153,7,"Xe135 $(n, \gamma )$",1
381,641550,102,1.0,3,constant,0.1761616884678352,7,"Gd155 $(n, \gamma )$",1
382,641550,102,1.0,3,linear,0.012582977747666035,7,"Gd155 $(n, \gamma )$",1
383,641550,102,1.0,3,quadratic,0.046137585074979004,7,"Gd155 $(n, \gamma )$",1
392,541350,102,1.0,1,constant,0.2021798168665434,8,"Xe135 $(n, \gamma )$",1
393,541350,102,1.0,1,linear,0.1033430267490365,8,"Xe135 $(n, \gamma )$",1
394,641550,102,1.0,1,constant,0.14728487185937666,8,"Gd155 $(n, \gamma )$",1
395,641550,102,1.0,1,linear,0.03577317570775396,8,"Gd155 $(n, \gamma )$",1
408,541350,102,1.0,2,constant,0.16963477452796027,8,"Xe135 $(n, \gamma )$",1
409,541350,102,1.0,2,linear,0.1654289536718423,8,"Xe135 $(n, \gamma )$",1
410,541350,102,1.0,2,quadratic,0.5065009973800993,8,"Xe135 $(n, \gamma )$",1
411,641550,102,1.0,2,constant,0.11085958096943571,8,"Gd155 $(n, \gamma )$",1
412,641550,102,1.0,2,linear,0.18296488825537693,8,"Gd155 $(n, \gamma )$",1
413,641550,102,1.0,2,quadratic,0.18501439311372492,8,"Gd155 $(n, \gamma )$",1
426,541350,102,1.0,3,constant,0.23522555216419772,8,"Xe135 $(n, \gamma )$",1
427,541350,102,1.0,3,linear,0.036350308827381994,8,"Xe135 $(n, \gamma )$",1
428,541350,102,1.0,3,quadratic,0.1910644331749367,8,"Xe135 $(n, \gamma )$",1
429,641550,102,1.0,3,constant,0.1844554372432361,8,"Gd155 $(n, \gamma )$",1
430,641550,102,1.0,3,linear,0.00027947793526106324,8,"Gd155 $(n, \gamma )$",1
431,641550,102,1.0,3,quadratic,0.36583661719842286,8,"Gd155 $(n, \gamma )$",1
440,541350,102,1.0,1,constant,0.06458227144248152,9,"Xe135 $(n, \gamma )$",1
441,541350,102,1.0,1,linear,0.07413928918955648,9,"Xe135 $(n, \gamma )$",1
442,641550,102,1.0,1,constant,0.15949739397478346,9,"Gd155 $(n, \gamma )$",1
443,641550,102,1.0,1,linear,0.21788966024349765,9,"Gd155 $(n, \gamma )$",1
456,541350,102,1.0,2,constant,0.04614398467790437,9,"Xe135 $(n, \gamma )$",1
457,541350,102,1.0,2,linear,0.10464451755398674,9,"Xe135 $(n, \gamma )$",1
458,541350,102,1.0,2,quadratic,0.028381446642877783,9,"Xe135 $(n, \gamma )$",1
459,641550,102,1.0,2,constant,0.08848951462332444,9,"Gd155 $(n, \gamma )$",1
460,641550,102,1.0,2,linear,0.3209772414339618,9,"Gd155 $(n, \gamma )$",1
461,641550,102,1.0,2,quadratic,0.06325828845745729,9,"Gd155 $(n, \gamma )$",1
474,541350,102,1.0,3,constant,0.11931791853942997,9,"Xe135 $(n, \gamma )$",1
475,541350,102,1.0,3,linear,0.07095361660723887,9,"Xe135 $(n, \gamma )$",1
476,541350,102,1.0,3,quadratic,0.34897595106742063,9,"Xe135 $(n, \gamma )$",1
477,641550,102,1.0,3,constant,0.16909427106988062,9,"Gd155 $(n, \gamma )$",1
478,641550,102,1.0,3,linear,0.04352386513544193,9,"Gd155 $(n, \gamma )$",1
479,641550,102,1.0,3,quadratic,0.6727275676364997,9,"Gd155 $(n, \gamma )$",1
488,541350,102,5.0,1,constant,0.7900542603303196,0,"Xe135 $(n, \gamma )$",5
489,541350,102,5.0,1,linear,0.02059832719901733,0,"Xe135 $(n, \gamma )$",5
490,641550,102,5.0,1,constant,0.740511020679846,0,"Gd155 $(n, \gamma )$",5
491,641550,102,5.0,1,linear,0.03781976612258209,0,"Gd155 $(n, \gamma )$",5
504,541350,102,5.0,2,constant,1.021966128399865,0,"Xe135 $(n, \gamma )$",5
505,541350,102,5.0,2,linear,0.05601299501483137,0,"Xe135 $(n, \gamma )$",5
506,541350,102,5.0,2,quadratic,0.13551531051989585,0,"Xe135 $(n, \gamma )$",5
507,641550,102,5.0,2,constant,0.9554113361807337,0,"Gd155 $(n, \gamma )$",5
508,641550,102,5.0,2,linear,0.05126679407727597,0,"Gd155 $(n, \gamma )$",5
509,641550,102,5.0,2,quadratic,0.17144960642241358,0,"Gd155 $(n, \gamma )$",5
522,541350,102,5.0,3,constant,1.2699139748808763,0,"Xe135 $(n, \gamma )$",5
523,541350,102,5.0,3,linear,0.04309386874525867,0,"Xe135 $(n, \gamma )$",5
524,541350,102,5.0,3,quadratic,0.02750960803548086,0,"Xe135 $(n, \gamma )$",5
525,641550,102,5.0,3,constant,1.1860278656036671,0,"Gd155 $(n, \gamma )$",5
526,641550,102,5.0,3,linear,0.04210600628309358,0,"Gd155 $(n, \gamma )$",5
527,641550,102,5.0,3,quadratic,0.009328875643488388,0,"Gd155 $(n, \gamma )$",5
536,541350,102,5.0,1,constant,0.9145039819205225,1,"Xe135 $(n, \gamma )$",5
537,541350,102,5.0,1,linear,0.030739629644416233,1,"Xe135 $(n, \gamma )$",5
538,641550,102,5.0,1,constant,0.8296486473636344,1,"Gd155 $(n, \gamma )$",5
539,641550,102,5.0,1,linear,0.0031696223394606093,1,"Gd155 $(n, \gamma )$",5
552,541350,102,5.0,2,constant,1.2400214797906095,1,"Xe135 $(n, \gamma )$",5
553,541350,102,5.0,2,linear,0.05161221767453483,1,"Xe135 $(n, \gamma )$",5
554,541350,102,5.0,2,quadratic,0.0005692524006839506,1,"Xe135 $(n, \gamma )$",5
555,641550,102,5.0,2,constant,1.1322595357207588,1,"Gd155 $(n, \gamma )$",5
556,641550,102,5.0,2,linear,0.051066137691901936,1,"Gd155 $(n, \gamma )$",5
557,641550,102,5.0,2,quadratic,0.08452326238646002,1,"Gd155 $(n, \gamma )$",5
570,541350,102,5.0,3,constant,1.587929572092972,1,"Xe135 $(n, \gamma )$",5
571,541350,102,5.0,3,linear,0.10161155354676543,1,"Xe135 $(n, \gamma )$",5
572,541350,102,5.0,3,quadratic,0.0364321536525658,1,"Xe135 $(n, \gamma )$",5
573,641550,102,5.0,3,constant,1.4502342879179508,1,"Gd155 $(n, \gamma )$",5
574,641550,102,5.0,3,linear,0.09535280537992241,1,"Gd155 $(n, \gamma )$",5
575,641550,102,5.0,3,quadratic,0.049261213859619346,1,"Gd155 $(n, \gamma )$",5
584,541350,102,5.0,1,constant,0.9389331960742098,2,"Xe135 $(n, \gamma )$",5
585,541350,102,5.0,1,linear,0.10467933999966927,2,"Xe135 $(n, \gamma )$",5
586,641550,102,5.0,1,constant,0.8278971038341743,2,"Gd155 $(n, \gamma )$",5
587,641550,102,5.0,1,linear,0.06861173796748332,2,"Gd155 $(n, \gamma )$",5
600,541350,102,5.0,2,constant,1.297599700806007,2,"Xe135 $(n, \gamma )$",5
601,541350,102,5.0,2,linear,0.12627065874726284,2,"Xe135 $(n, \gamma )$",5
602,541350,102,5.0,2,quadratic,0.07229236187840105,2,"Xe135 $(n, \gamma )$",5
603,641550,102,5.0,2,constant,1.1581804310032418,2,"Gd155 $(n, \gamma )$",5
604,641550,102,5.0,2,linear,0.13150583110430603,2,"Gd155 $(n, \gamma )$",5
605,641550,102,5.0,2,quadratic,0.025729401737706326,2,"Gd155 $(n, \gamma )$",5
618,541350,102,5.0,3,constant,1.6609893065138381,2,"Xe135 $(n, \gamma )$",5
619,541350,102,5.0,3,linear,0.14111469038632363,2,"Xe135 $(n, \gamma )$",5
620,541350,102,5.0,3,quadratic,0.09051003707155614,2,"Xe135 $(n, \gamma )$",5
621,641550,102,5.0,3,constant,1.4931093445970767,2,"Gd155 $(n, \gamma )$",5
622,641550,102,5.0,3,linear,0.15652052723837961,2,"Gd155 $(n, \gamma )$",5
623,641550,102,5.0,3,quadratic,0.054674978692892395,2,"Gd155 $(n, \gamma )$",5
632,541350,102,5.0,1,constant,0.9694950911640632,3,"Xe135 $(n, \gamma )$",5
633,541350,102,5.0,1,linear,0.007012622720892203,3,"Xe135 $(n, \gamma )$",5
634,641550,102,5.0,1,constant,0.8536618383647054,3,"Gd155 $(n, \gamma )$",5
635,641550,102,5.0,1,linear,0.0324895085962118,3,"Gd155 $(n, \gamma )$",5
648,541350,102,5.0,2,constant,1.32129499766247,3,"Xe135 $(n, \gamma )$",5
649,541350,102,5.0,2,linear,0.054932211313718504,3,"Xe135 $(n, \gamma )$",5
650,541350,102,5.0,2,quadratic,0.09992987377265283,3,"Xe135 $(n, \gamma )$",5
651,641550,102,5.0,2,constant,1.1772031948017014,3,"Gd155 $(n, \gamma )$",5
652,641550,102,5.0,2,linear,0.0888046568295886,3,"Gd155 $(n, \gamma )$",5
653,641550,102,5.0,2,quadratic,0.05198321375365911,3,"Gd155 $(n, \gamma )$",5
666,541350,102,5.0,3,constant,1.6858052828424563,3,"Xe135 $(n, \gamma )$",5
667,541350,102,5.0,3,linear,0.0958391771856526,3,"Xe135 $(n, \gamma )$",5
668,541350,102,5.0,3,quadratic,0.045143758765719966,3,"Xe135 $(n, \gamma )$",5
669,641550,102,5.0,3,constant,1.5127927440097277,3,"Gd155 $(n, \gamma )$",5
670,641550,102,5.0,3,linear,0.12697982943014052,3,"Gd155 $(n, \gamma )$",5
671,641550,102,5.0,3,quadratic,0.003655069717001247,3,"Gd155 $(n, \gamma )$",5
680,541350,102,5.0,1,constant,0.9665692536117376,4,"Xe135 $(n, \gamma )$",5
681,541350,102,5.0,1,linear,0.009427069831002832,4,"Xe135 $(n, \gamma )$",5
682,641550,102,5.0,1,constant,0.8638153116997449,4,"Gd155 $(n, \gamma )$",5
683,641550,102,5.0,1,linear,0.010920547556270144,4,"Gd155 $(n, \gamma )$",5
696,541350,102,5.0,2,constant,1.3095771173591508,4,"Xe135 $(n, \gamma )$",5
697,541350,102,5.0,2,linear,0.03849386847665226,4,"Xe135 $(n, \gamma )$",5
698,541350,102,5.0,2,quadratic,0.08130847729241886,4,"Xe135 $(n, \gamma )$",5
699,641550,102,5.0,2,constant,1.175232926178893,4,"Gd155 $(n, \gamma )$",5
700,641550,102,5.0,2,linear,0.05059853701065986,4,"Gd155 $(n, \gamma )$",5
701,641550,102,5.0,2,quadratic,0.048596436625159,4,"Gd155 $(n, \gamma )$",5
714,541350,102,5.0,3,constant,1.677429238057071,4,"Xe135 $(n, \gamma )$",5
715,541350,102,5.0,3,linear,0.10016261695463546,4,"Xe135 $(n, \gamma )$",5
716,541350,102,5.0,3,quadratic,0.0839598406824793,4,"Xe135 $(n, \gamma )$",5
717,641550,102,5.0,3,constant,1.5152259734303009,4,"Gd155 $(n, \gamma )$",5
718,641550,102,5.0,3,linear,0.11766889991871032,4,"Gd155 $(n, \gamma )$",5
719,641550,102,5.0,3,quadratic,0.07480575076030949,4,"Gd155 $(n, \gamma )$",5
728,541350,102,5.0,1,constant,0.9986747725422296,5,"Xe135 $(n, \gamma )$",5
729,541350,102,5.0,1,linear,0.005942724025853607,5,"Xe135 $(n, \gamma )$",5
730,641550,102,5.0,1,constant,0.8926209997354828,5,"Gd155 $(n, \gamma )$",5
731,641550,102,5.0,1,linear,0.013224014810930829,5,"Gd155 $(n, \gamma )$",5
744,541350,102,5.0,2,constant,1.3567238950990435,5,"Xe135 $(n, \gamma )$",5
745,541350,102,5.0,2,linear,0.05229597142739628,5,"Xe135 $(n, \gamma )$",5
746,541350,102,5.0,2,quadratic,0.06358714707628277,5,"Xe135 $(n, \gamma )$",5
747,641550,102,5.0,2,constant,1.2219357019013222,5,"Gd155 $(n, \gamma )$",5
748,641550,102,5.0,2,linear,0.06795674277824126,5,"Gd155 $(n, \gamma )$",5
749,641550,102,5.0,2,quadratic,0.06887507713997376,5,"Gd155 $(n, \gamma )$",5
762,541350,102,5.0,3,constant,1.7435952291811496,5,"Xe135 $(n, \gamma )$",5
763,541350,102,5.0,3,linear,0.12152870632847756,5,"Xe135 $(n, \gamma )$",5
764,541350,102,5.0,3,quadratic,0.08052391055004549,5,"Xe135 $(n, \gamma )$",5
765,641550,102,5.0,3,constant,1.575173014193787,5,"Gd155 $(n, \gamma )$",5
766,641550,102,5.0,3,linear,0.12948514502337805,5,"Gd155 $(n, \gamma )$",5
767,641550,102,5.0,3,quadratic,0.058543815569023216,5,"Gd155 $(n, \gamma )$",5
776,541350,102,5.0,1,constant,1.0220878726205918,6,"Xe135 $(n, \gamma )$",5
777,541350,102,5.0,1,linear,0.0011971746677774675,6,"Xe135 $(n, \gamma )$",5
778,641550,102,5.0,1,constant,0.9404144933815362,6,"Gd155 $(n, \gamma )$",5
779,641550,102,5.0,1,linear,0.012220389163841716,6,"Gd155 $(n, \gamma )$",5
792,541350,102,5.0,2,constant,1.3996967157508422,6,"Xe135 $(n, \gamma )$",5
793,541350,102,5.0,2,linear,0.07342671295743619,6,"Xe135 $(n, \gamma )$",5
794,541350,102,5.0,2,quadratic,0.11313300610544808,6,"Xe135 $(n, \gamma )$",5
795,641550,102,5.0,2,constant,1.2879549549048797,6,"Gd155 $(n, \gamma )$",5
796,641550,102,5.0,2,linear,0.06406446440443414,6,"Gd155 $(n, \gamma )$",5
797,641550,102,5.0,2,quadratic,0.12664766951615558,6,"Gd155 $(n, \gamma )$",5
810,541350,102,5.0,3,constant,1.7767568538249678,6,"Xe135 $(n, \gamma )$",5
811,541350,102,5.0,3,linear,0.09098527475165374,6,"Xe135 $(n, \gamma )$",5
812,541350,102,5.0,3,quadratic,0.000448940500474837,6,"Xe135 $(n, \gamma )$",5
813,641550,102,5.0,3,constant,1.632116293667063,6,"Gd155 $(n, \gamma )$",5
814,641550,102,5.0,3,linear,0.07637743227404403,6,"Gd155 $(n, \gamma )$",5
815,641550,102,5.0,3,quadratic,0.002083020880117026,6,"Gd155 $(n, \gamma )$",5
824,541350,102,5.0,1,constant,1.0588986009776091,7,"Xe135 $(n, \gamma )$",5
825,541350,102,5.0,1,linear,0.08789038984805542,7,"Xe135 $(n, \gamma )$",5
826,641550,102,5.0,1,constant,0.963624368206828,7,"Gd155 $(n, \gamma )$",5
827,641550,102,5.0,1,linear,0.08722100460708537,7,"Gd155 $(n, \gamma )$",5
840,541350,102,5.0,2,constant,1.4359443601660082,7,"Xe135 $(n, \gamma )$",5
841,541350,102,5.0,2,linear,0.07745591434099586,7,"Xe135 $(n, \gamma )$",5
842,541350,102,5.0,2,quadratic,0.1035421031088668,7,"Xe135 $(n, \gamma )$",5
843,641550,102,5.0,2,constant,1.3111106141253215,7,"Gd155 $(n, \gamma )$",5
844,641550,102,5.0,2,linear,0.08162991456814872,7,"Gd155 $(n, \gamma )$",5
845,641550,102,5.0,2,quadratic,0.09560763966554031,7,"Gd155 $(n, \gamma )$",5
858,541350,102,5.0,3,constant,1.8315514459775084,7,"Xe135 $(n, \gamma )$",5
859,541350,102,5.0,3,linear,0.11196994871058852,7,"Xe135 $(n, \gamma )$",5
860,541350,102,5.0,3,quadratic,0.032206409978585704,7,"Xe135 $(n, \gamma )$",5
861,641550,102,5.0,3,constant,1.6750905756585999,7,"Gd155 $(n, \gamma )$",5
862,641550,102,5.0,3,linear,0.1132195732880592,7,"Gd155 $(n, \gamma )$",5
863,641550,102,5.0,3,quadratic,0.037739857762797424,7,"Gd155 $(n, \gamma )$",5
872,541350,102,5.0,1,constant,1.0240539906526624,8,"Xe135 $(n, \gamma )$",5
873,541350,102,5.0,1,linear,0.0018045004240407891,8,"Xe135 $(n, \gamma )$",5
874,641550,102,5.0,1,constant,0.9426149240367998,8,"Gd155 $(n, \gamma )$",5
875,641550,102,5.0,1,linear,2.220446049250313e-14,8,"Gd155 $(n, \gamma )$",5
888,541350,102,5.0,2,constant,1.3938763275609611,8,"Xe135 $(n, \gamma )$",5
889,541350,102,5.0,2,linear,0.05634051324001632,8,"Xe135 $(n, \gamma )$",5
890,541350,102,5.0,2,quadratic,0.08902202092002653,8,"Xe135 $(n, \gamma )$",5
891,641550,102,5.0,2,constant,1.2808819003385707,8,"Gd155 $(n, \gamma )$",5
892,641550,102,5.0,2,linear,0.04812400324554211,8,"Gd155 $(n, \gamma )$",5
893,641550,102,5.0,2,quadratic,0.07218600486829096,8,"Gd155 $(n, \gamma )$",5
906,541350,102,5.0,3,constant,1.763448039410287,8,"Xe135 $(n, \gamma )$",5
907,541350,102,5.0,3,linear,0.07037551653830132,8,"Xe135 $(n, \gamma )$",5
908,541350,102,5.0,3,quadratic,0.001052625247277561,8,"Xe135 $(n, \gamma )$",5
909,641550,102,5.0,3,constant,1.6234856327467018,8,"Gd155 $(n, \gamma )$",5
910,641550,102,5.0,3,linear,0.06882851626986985,8,"Gd155 $(n, \gamma )$",5
911,641550,102,5.0,3,quadratic,0.013010268319280094,8,"Gd155 $(n, \gamma )$",5
920,541350,102,5.0,1,constant,0.7024554088487234,9,"Xe135 $(n, \gamma )$",5
921,541350,102,5.0,1,linear,0.18357655779479565,9,"Xe135 $(n, \gamma )$",5
922,641550,102,5.0,1,constant,0.6763073564298949,9,"Gd155 $(n, \gamma )$",5
923,641550,102,5.0,1,linear,0.17887154213209744,9,"Gd155 $(n, \gamma )$",5
936,541350,102,5.0,2,constant,0.9756003397421331,9,"Xe135 $(n, \gamma )$",5
937,541350,102,5.0,2,linear,0.1391784418191655,9,"Xe135 $(n, \gamma )$",5
938,541350,102,5.0,2,quadratic,0.25017373175819646,9,"Xe135 $(n, \gamma )$",5
939,641550,102,5.0,2,constant,0.9446146696280522,9,"Gd155 $(n, \gamma )$",5
940,641550,102,5.0,2,linear,0.14536690282036524,9,"Gd155 $(n, \gamma )$",5
941,641550,102,5.0,2,quadratic,0.22912850109984007,9,"Gd155 $(n, \gamma )$",5
954,541350,102,5.0,3,constant,1.2333507065091398,9,"Xe135 $(n, \gamma )$",5
955,541350,102,5.0,3,linear,0.0972897845726739,9,"Xe135 $(n, \gamma )$",5
956,541350,102,5.0,3,quadratic,0.22976025017384938,9,"Xe135 $(n, \gamma )$",5
957,641550,102,5.0,3,constant,1.1867127085258389,9,"Gd155 $(n, \gamma )$",5
958,641550,102,5.0,3,linear,0.08457219439179653,9,"Gd155 $(n, \gamma )$",5
959,641550,102,5.0,3,quadratic,0.25749936503317583,9,"Gd155 $(n, \gamma )$",5
968,541350,102,10.0,1,constant,1.4606072095983524,0,"Xe135 $(n, \gamma )$",10
969,541350,102,10.0,1,linear,0.05958345746551741,0,"Xe135 $(n, \gamma )$",10
970,641550,102,10.0,1,constant,1.350806553213335,0,"Gd155 $(n, \gamma )$",10
971,641550,102,10.0,1,linear,0.058960778483829746,0,"Gd155 $(n, \gamma )$",10
984,541350,102,10.0,2,constant,1.9909902590074857,0,"Xe135 $(n, \gamma )$",10
985,541350,102,10.0,2,linear,0.1068891115745707,0,"Xe135 $(n, \gamma )$",10
986,541350,102,10.0,2,quadratic,0.01137502369803478,0,"Xe135 $(n, \gamma )$",10
987,641550,102,10.0,2,constant,1.8583563885095522,0,"Gd155 $(n, \gamma )$",10
988,641550,102,10.0,2,linear,0.13421556127807266,0,"Gd155 $(n, \gamma )$",10
989,641550,102,10.0,2,quadratic,0.053921395707434705,0,"Gd155 $(n, \gamma )$",10
1002,541350,102,10.0,3,constant,2.508463559299079,0,"Xe135 $(n, \gamma )$",10
1003,541350,102,10.0,3,linear,0.09289602686674003,0,"Xe135 $(n, \gamma )$",10
1004,541350,102,10.0,3,quadratic,0.09831270481829302,0,"Xe135 $(n, \gamma )$",10
1005,641550,102,10.0,3,constant,2.343438975594303,0,"Gd155 $(n, \gamma )$",10
1006,641550,102,10.0,3,linear,0.10809476055380074,0,"Gd155 $(n, \gamma )$",10
1007,641550,102,10.0,3,quadratic,0.12636252311833962,0,"Gd155 $(n, \gamma )$",10
1016,541350,102,10.0,1,constant,1.9454544419976738,1,"Xe135 $(n, \gamma )$",10
1017,541350,102,10.0,1,linear,0.13883910027711055,1,"Xe135 $(n, \gamma )$",10
1018,641550,102,10.0,1,constant,1.7771442147778371,1,"Gd155 $(n, \gamma )$",10
1019,641550,102,10.0,1,linear,0.11720915498537599,1,"Gd155 $(n, \gamma )$",10
1032,541350,102,10.0,2,constant,2.6430640196195787,1,"Xe135 $(n, \gamma )$",10
1033,541350,102,10.0,2,linear,0.14452922733764195,1,"Xe135 $(n, \gamma )$",10
1034,541350,102,10.0,2,quadratic,0.13030390968630234,1,"Xe135 $(n, \gamma )$",10
1035,641550,102,10.0,2,constant,2.4163388858090995,1,"Gd155 $(n, \gamma )$",10
1036,641550,102,10.0,2,linear,0.13269625053895506,1,"Gd155 $(n, \gamma )$",10
1037,641550,102,10.0,2,quadratic,0.0939785116548908,1,"Gd155 $(n, \gamma )$",10
1050,541350,102,10.0,3,constant,3.40696357749668,1,"Xe135 $(n, \gamma )$",10
1051,541350,102,10.0,3,linear,0.27853171961329526,1,"Xe135 $(n, \gamma )$",10
1052,541350,102,10.0,3,quadratic,0.06003084048846752,1,"Xe135 $(n, \gamma )$",10
1053,641550,102,10.0,3,constant,3.1185818748185268,1,"Gd155 $(n, \gamma )$",10
1054,641550,102,10.0,3,linear,0.26266466038382674,1,"Gd155 $(n, \gamma )$",10
1055,641550,102,10.0,3,quadratic,0.07193579894919644,1,"Gd155 $(n, \gamma )$",10
1064,541350,102,10.0,1,constant,2.034870277019829,2,"Xe135 $(n, \gamma )$",10
1065,541350,102,10.0,1,linear,0.12255468713870954,2,"Xe135 $(n, \gamma )$",10
1066,641550,102,10.0,1,constant,1.854084935794309,2,"Gd155 $(n, \gamma )$",10
1067,641550,102,10.0,1,linear,0.13398503655113192,2,"Gd155 $(n, \gamma )$",10
1080,541350,102,10.0,2,constant,2.8249240777567186,2,"Xe135 $(n, \gamma )$",10
1081,541350,102,10.0,2,linear,0.26437897917339637,2,"Xe135 $(n, \gamma )$",10
1082,541350,102,10.0,2,quadratic,0.09018175091337621,2,"Xe135 $(n, \gamma )$",10
1083,641550,102,10.0,2,constant,2.5773361630973213,2,"Gd155 $(n, \gamma )$",10
1084,641550,102,10.0,2,linear,0.25510750959334416,2,"Gd155 $(n, \gamma )$",10
1085,641550,102,10.0,2,quadratic,0.04769867301217534,2,"Gd155 $(n, \gamma )$",10
1098,541350,102,10.0,3,constant,3.6811207972991644,2,"Xe135 $(n, \gamma )$",10
1099,541350,102,10.0,3,linear,0.4321208897932749,2,"Xe135 $(n, \gamma )$",10
1100,541350,102,10.0,3,quadratic,0.07587406927791474,2,"Xe135 $(n, \gamma )$",10
1101,641550,102,10.0,3,constant,3.363426372542677,2,"Gd155 $(n, \gamma )$",10
1102,641550,102,10.0,3,linear,0.411066092138912,2,"Gd155 $(n, \gamma )$",10
1103,641550,102,10.0,3,quadratic,0.054531909876054385,2,"Gd155 $(n, \gamma )$",10
1112,541350,102,10.0,1,constant,2.007147946133414,3,"Xe135 $(n, \gamma )$",10
1113,541350,102,10.0,1,linear,0.18979432135391994,3,"Xe135 $(n, \gamma )$",10
1114,641550,102,10.0,1,constant,1.8212565615022047,3,"Gd155 $(n, \gamma )$",10
1115,641550,102,10.0,1,linear,0.16829915038690801,3,"Gd155 $(n, \gamma )$",10
1128,541350,102,10.0,2,constant,2.8151851029950548,3,"Xe135 $(n, \gamma )$",10
1129,541350,102,10.0,2,linear,0.34124045675220094,3,"Xe135 $(n, \gamma )$",10
1130,541350,102,10.0,2,quadratic,0.03737488174362369,3,"Xe135 $(n, \gamma )$",10
1131,641550,102,10.0,2,constant,2.55984270433105,3,"Gd155 $(n, \gamma )$",10
1132,641550,102,10.0,2,linear,0.31910096145173483,3,"Gd155 $(n, \gamma )$",10
1133,641550,102,10.0,2,quadratic,0.05790356621022674,3,"Gd155 $(n, \gamma )$",10
1146,541350,102,10.0,3,constant,3.717486772795753,3,"Xe135 $(n, \gamma )$",10
1147,541350,102,10.0,3,linear,0.5676310164800191,3,"Xe135 $(n, \gamma )$",10
1148,541350,102,10.0,3,quadratic,0.09299921746328543,3,"Xe135 $(n, \gamma )$",10
1149,641550,102,10.0,3,constant,3.3823529411764586,3,"Gd155 $(n, \gamma )$",10
1150,641550,102,10.0,3,linear,0.5246496022512481,3,"Gd155 $(n, \gamma )$",10
1151,641550,102,10.0,3,quadratic,0.08347313166294779,3,"Gd155 $(n, \gamma )$",10
1160,541350,102,10.0,1,constant,2.0096713963446478,4,"Xe135 $(n, \gamma )$",10
1161,541350,102,10.0,1,linear,0.22735438422892829,4,"Xe135 $(n, \gamma )$",10
1162,641550,102,10.0,1,constant,1.8212733902486677,4,"Gd155 $(n, \gamma )$",10
1163,641550,102,10.0,1,linear,0.2232581497413011,4,"Gd155 $(n, \gamma )$",10
1176,541350,102,10.0,2,constant,2.8354507919118532,4,"Xe135 $(n, \gamma )$",10
1177,541350,102,10.0,2,linear,0.3875626549808997,4,"Xe135 $(n, \gamma )$",10
1178,541350,102,10.0,2,quadratic,0.012958021899067695,4,"Xe135 $(n, \gamma )$",10
1179,641550,102,10.0,2,constant,2.575019833038561,4,"Gd155 $(n, \gamma )$",10
1180,641550,102,10.0,2,linear,0.3677300086610269,4,"Gd155 $(n, \gamma )$",10
1181,641550,102,10.0,2,quadratic,0.006550361361612467,4,"Gd155 $(n, \gamma )$",10
1194,541350,102,10.0,3,constant,3.7517890905235607,4,"Xe135 $(n, \gamma )$",10
1195,541350,102,10.0,3,linear,0.6087325287579937,4,"Xe135 $(n, \gamma )$",10
1196,541350,102,10.0,3,quadratic,0.04432232490456656,4,"Xe135 $(n, \gamma )$",10
1197,641550,102,10.0,3,constant,3.414648791458319,4,"Gd155 $(n, \gamma )$",10
1198,641550,102,10.0,3,linear,0.5756130046507657,4,"Gd155 $(n, \gamma )$",10
1199,641550,102,10.0,3,quadratic,0.03438939714817124,4,"Gd155 $(n, \gamma )$",10
1208,541350,102,10.0,1,constant,2.0777662973123556,5,"Xe135 $(n, \gamma )$",10
1209,541350,102,10.0,1,linear,0.15617391717434037,5,"Xe135 $(n, \gamma )$",10
1210,641550,102,10.0,1,constant,1.9119153294639757,5,"Gd155 $(n, \gamma )$",10
1211,641550,102,10.0,1,linear,0.12500137666713318,5,"Gd155 $(n, \gamma )$",10
1224,541350,102,10.0,2,constant,2.907526830639373,5,"Xe135 $(n, \gamma )$",10
1225,541350,102,10.0,2,linear,0.32640150750391506,5,"Xe135 $(n, \gamma )$",10
1226,541350,102,10.0,2,quadratic,0.0991674683199717,5,"Xe135 $(n, \gamma )$",10
1227,641550,102,10.0,2,constant,2.6692658142343895,5,"Gd155 $(n, \gamma )$",10
1228,641550,102,10.0,2,linear,0.28175787545384745,5,"Gd155 $(n, \gamma )$",10
1229,641550,102,10.0,2,quadratic,0.11013337151286606,5,"Gd155 $(n, \gamma )$",10
1242,541350,102,10.0,3,constant,3.825667153596757,5,"Xe135 $(n, \gamma )$",10
1243,541350,102,10.0,3,linear,0.5457179843470272,5,"Xe135 $(n, \gamma )$",10
1244,541350,102,10.0,3,quadratic,0.10896545171656946,5,"Xe135 $(n, \gamma )$",10
1245,641550,102,10.0,3,constant,3.5117402174032586,5,"Gd155 $(n, \gamma )$",10
1246,641550,102,10.0,3,linear,0.4911948369475616,5,"Gd155 $(n, \gamma )$",10
1247,641550,102,10.0,3,quadratic,0.13037037852807742,5,"Gd155 $(n, \gamma )$",10
1256,541350,102,10.0,1,constant,2.1476963958679818,6,"Xe135 $(n, \gamma )$",10
1257,541350,102,10.0,1,linear,0.13525968662843058,6,"Xe135 $(n, \gamma )$",10
1258,641550,102,10.0,1,constant,1.9885574626450797,6,"Gd155 $(n, \gamma )$",10
1259,641550,102,10.0,1,linear,0.07776481697491233,6,"Gd155 $(n, \gamma )$",10
1272,541350,102,10.0,2,constant,2.979703067083239,6,"Xe135 $(n, \gamma )$",10
1273,541350,102,10.0,2,linear,0.27730230739463346,6,"Xe135 $(n, \gamma )$",10
1274,541350,102,10.0,2,quadratic,0.07780424452092927,6,"Xe135 $(n, \gamma )$",10
1275,641550,102,10.0,2,constant,2.747875354107654,6,"Gd155 $(n, \gamma )$",10
1276,641550,102,10.0,2,linear,0.21885241348664763,6,"Gd155 $(n, \gamma )$",10
1277,641550,102,10.0,2,quadratic,0.13386657779257405,6,"Gd155 $(n, \gamma )$",10
1290,541350,102,10.0,3,constant,3.8905114731335955,6,"Xe135 $(n, \gamma )$",10
1291,541350,102,10.0,3,linear,0.4704164322564375,6,"Xe135 $(n, \gamma )$",10
1292,541350,102,10.0,3,quadratic,0.10114551787681059,6,"Xe135 $(n, \gamma )$",10
1293,641550,102,10.0,3,constant,3.587874243181699,6,"Gd155 $(n, \gamma )$",10
1294,641550,102,10.0,3,linear,0.4154863078376092,6,"Gd155 $(n, \gamma )$",10
1295,641550,102,10.0,3,quadratic,0.16427817585922266,6,"Gd155 $(n, \gamma )$",10
1304,541350,102,10.0,1,constant,2.1855129308010923,7,"Xe135 $(n, \gamma )$",10
1305,541350,102,10.0,1,linear,0.16603401290974373,7,"Xe135 $(n, \gamma )$",10
1306,641550,102,10.0,1,constant,2.0125396053711997,7,"Gd155 $(n, \gamma )$",10
1307,641550,102,10.0,1,linear,0.11902566595697328,7,"Gd155 $(n, \gamma )$",10
1320,541350,102,10.0,2,constant,3.0096672702444316,7,"Xe135 $(n, \gamma )$",10
1321,541350,102,10.0,2,linear,0.24664472932246495,7,"Xe135 $(n, \gamma )$",10
1322,541350,102,10.0,2,quadratic,0.04511793829066191,7,"Xe135 $(n, \gamma )$",10
1323,641550,102,10.0,2,constant,2.766648226070556,7,"Gd155 $(n, \gamma )$",10
1324,641550,102,10.0,2,linear,0.20619939313674118,7,"Gd155 $(n, \gamma )$",10
1325,641550,102,10.0,2,quadratic,0.011734924812656367,7,"Gd155 $(n, \gamma )$",10
1338,541350,102,10.0,3,constant,3.8899182462958093,7,"Xe135 $(n, \gamma )$",10
1339,541350,102,10.0,3,linear,0.37899068164181093,7,"Xe135 $(n, \gamma )$",10
1340,541350,102,10.0,3,quadratic,0.0022558969144048646,7,"Xe135 $(n, \gamma )$",10
1341,641550,102,10.0,3,constant,3.580688784205921,7,"Gd155 $(n, \gamma )$",10
1342,641550,102,10.0,3,linear,0.34785669980386125,7,"Gd155 $(n, \gamma )$",10
1343,641550,102,10.0,3,quadratic,0.06077014635099687,7,"Gd155 $(n, \gamma )$",10
1352,541350,102,10.0,1,constant,2.1323211194460345,8,"Xe135 $(n, \gamma )$",10
1353,541350,102,10.0,1,linear,0.037867859203688514,8,"Xe135 $(n, \gamma )$",10
1354,641550,102,10.0,1,constant,1.9913979216304778,8,"Gd155 $(n, \gamma )$",10
1355,641550,102,10.0,1,linear,0.04306632213605388,8,"Gd155 $(n, \gamma )$",10
1368,541350,102,10.0,2,constant,2.866536834006572,8,"Xe135 $(n, \gamma )$",10
1369,541350,102,10.0,2,linear,0.05950663589151528,8,"Xe135 $(n, \gamma )$",10
1370,541350,102,10.0,2,quadratic,0.005409694171820689,8,"Xe135 $(n, \gamma )$",10
1371,641550,102,10.0,2,constant,2.6798065557755546,8,"Gd155 $(n, \gamma )$",10
1372,641550,102,10.0,2,linear,0.06357409458185304,8,"Gd155 $(n, \gamma )$",10
1373,641550,102,10.0,2,quadratic,0.01230466346751058,8,"Gd155 $(n, \gamma )$",10
1386,541350,102,10.0,3,constant,3.626598865166386,8,"Xe135 $(n, \gamma )$",10
1387,541350,102,10.0,3,linear,0.11660896326218806,8,"Xe135 $(n, \gamma )$",10
1388,541350,102,10.0,3,quadratic,0.03967109059419549,8,"Xe135 $(n, \gamma )$",10
1389,641550,102,10.0,3,constant,3.3869984451379676,8,"Gd155 $(n, \gamma )$",10
1390,641550,102,10.0,3,linear,0.10626754812806949,8,"Gd155 $(n, \gamma )$",10
1391,641550,102,10.0,3,quadratic,0.013283443515876847,8,"Gd155 $(n, \gamma )$",10
1400,541350,102,10.0,1,constant,1.537651029635656,9,"Xe135 $(n, \gamma )$",10
1401,541350,102,10.0,1,linear,0.05326200855665375,9,"Xe135 $(n, \gamma )$",10
1402,641550,102,10.0,1,constant,1.4563211685140853,9,"Gd155 $(n, \gamma )$",10
1403,641550,102,10.0,1,linear,0.01242410492425794,9,"Gd155 $(n, \gamma )$",10
1416,541350,102,10.0,2,constant,2.072393876412826,9,"Xe135 $(n, \gamma )$",10
1417,541350,102,10.0,2,linear,0.06213900998275346,9,"Xe135 $(n, \gamma )$",10
1418,541350,102,10.0,2,quadratic,0.03994650641750974,9,"Xe135 $(n, \gamma )$",10
1419,641550,102,10.0,2,constant,1.9702109577004467,9,"Gd155 $(n, \gamma )$",10
1420,641550,102,10.0,2,linear,0.052757431055250326,9,"Gd155 $(n, \gamma )$",10
1421,641550,102,10.0,2,quadratic,0.11019640889344817,9,"Gd155 $(n, \gamma )$",10
1434,541350,102,10.0,3,constant,2.609548951838403,9,"Xe135 $(n, \gamma )$",10
1435,541350,102,10.0,3,linear,0.06918271763610706,9,"Xe135 $(n, \gamma )$",10
1436,541350,102,10.0,3,quadratic,0.046025322611542574,9,"Xe135 $(n, \gamma )$",10
1437,641550,102,10.0,3,constant,2.4806346016723824,9,"Gd155 $(n, \gamma )$",10
1438,641550,102,10.0,3,linear,0.06212052462136741,9,"Gd155 $(n, \gamma )$",10
1439,641550,102,10.0,3,quadratic,0.0020256692809139665,9,"Gd155 $(n, \gamma )$",10
1448,541350,102,25.0,1,constant,3.7481559137750864,0,"Xe135 $(n, \gamma )$",25
1449,541350,102,25.0,1,linear,0.5285029532398844,0,"Xe135 $(n, \gamma )$",25
1450,641550,102,25.0,1,constant,3.5046658488023574,0,"Gd155 $(n, \gamma )$",25
1451,641550,102,25.0,1,linear,0.4917241518009874,0,"Gd155 $(n, \gamma )$",25
1464,541350,102,25.0,2,constant,4.2564842484864585,0,"Xe135 $(n, \gamma )$",25
1465,541350,102,25.0,2,linear,0.5206469381907608,0,"Xe135 $(n, \gamma )$",25
1466,541350,102,25.0,2,quadratic,1.2310119912889994,0,"Xe135 $(n, \gamma )$",25
1467,641550,102,25.0,2,constant,3.976697571211174,0,"Gd155 $(n, \gamma )$",25
1468,641550,102,25.0,2,linear,0.4795708007306665,0,"Gd155 $(n, \gamma )$",25
1469,641550,102,25.0,2,quadratic,1.5785141994345553,0,"Gd155 $(n, \gamma )$",25
1482,541350,102,25.0,3,constant,4.545098378284895,0,"Xe135 $(n, \gamma )$",25
1483,541350,102,25.0,3,linear,0.5275617801067778,0,"Xe135 $(n, \gamma )$",25
1484,541350,102,25.0,3,quadratic,0.28672069022855906,0,"Xe135 $(n, \gamma )$",25
1485,641550,102,25.0,3,constant,4.256078675864261,0,"Gd155 $(n, \gamma )$",25
1486,641550,102,25.0,3,linear,0.5024960086343899,0,"Gd155 $(n, \gamma )$",25
1487,641550,102,25.0,3,quadratic,0.6030037772758456,0,"Gd155 $(n, \gamma )$",25
1496,541350,102,25.0,1,constant,5.268118204786076,1,"Xe135 $(n, \gamma )$",25
1497,541350,102,25.0,1,linear,1.0151304397195027,1,"Xe135 $(n, \gamma )$",25
1498,641550,102,25.0,1,constant,4.85998398010159,1,"Gd155 $(n, \gamma )$",25
1499,641550,102,25.0,1,linear,0.9775299846124463,1,"Gd155 $(n, \gamma )$",25
1512,541350,102,25.0,2,constant,6.038928473424754,1,"Xe135 $(n, \gamma )$",25
1513,541350,102,25.0,2,linear,1.0422601676194354,1,"Xe135 $(n, \gamma )$",25
1514,541350,102,25.0,2,quadratic,1.41089330517854,1,"Xe135 $(n, \gamma )$",25
1515,641550,102,25.0,2,constant,5.57060348643581,1,"Gd155 $(n, \gamma )$",25
1516,641550,102,25.0,2,linear,0.9938490661745125,1,"Gd155 $(n, \gamma )$",25
1517,641550,102,25.0,2,quadratic,0.4817725012267404,1,"Gd155 $(n, \gamma )$",25
1530,541350,102,25.0,3,constant,6.487211513895597,1,"Xe135 $(n, \gamma )$",25
1531,541350,102,25.0,3,linear,1.085724509291297,1,"Xe135 $(n, \gamma )$",25
1532,541350,102,25.0,3,quadratic,2.1190288982059657,1,"Xe135 $(n, \gamma )$",25
1533,641550,102,25.0,3,constant,5.984143462405944,1,"Gd155 $(n, \gamma )$",25
1534,641550,102,25.0,3,linear,1.0308466489800772,1,"Gd155 $(n, \gamma )$",25
1535,641550,102,25.0,3,quadratic,1.5473804237380984,1,"Gd155 $(n, \gamma )$",25
1544,541350,102,25.0,1,constant,5.860208850170179,2,"Xe135 $(n, \gamma )$",25
1545,541350,102,25.0,1,linear,1.4290659435758912,2,"Xe135 $(n, \gamma )$",25
1546,641550,102,25.0,1,constant,5.352549533409978,2,"Gd155 $(n, \gamma )$",25
1547,641550,102,25.0,1,linear,1.3085911388004634,2,"Gd155 $(n, \gamma )$",25
1560,541350,102,25.0,2,constant,6.751091367141693,2,"Xe135 $(n, \gamma )$",25
1561,541350,102,25.0,2,linear,1.4551458495789982,2,"Xe135 $(n, \gamma )$",25
1562,541350,102,25.0,2,quadratic,0.9030794970900979,2,"Xe135 $(n, \gamma )$",25
1563,641550,102,25.0,2,constant,6.1720010338957465,2,"Gd155 $(n, \gamma )$",25
1564,641550,102,25.0,2,linear,1.3410340739948734,2,"Gd155 $(n, \gamma )$",25
1565,641550,102,25.0,2,quadratic,1.5925559506948073,2,"Gd155 $(n, \gamma )$",25
1578,541350,102,25.0,3,constant,7.259562683897758,2,"Xe135 $(n, \gamma )$",25
1579,541350,102,25.0,3,linear,1.4876094602242818,2,"Xe135 $(n, \gamma )$",25
1580,541350,102,25.0,3,quadratic,1.0345787247290517,2,"Xe135 $(n, \gamma )$",25
1581,641550,102,25.0,3,constant,6.641755127142446,2,"Gd155 $(n, \gamma )$",25
1582,641550,102,25.0,3,linear,1.3776273710816467,2,"Gd155 $(n, \gamma )$",25
1583,641550,102,25.0,3,quadratic,1.5327127593923295,2,"Gd155 $(n, \gamma )$",25
1592,541350,102,25.0,1,constant,5.974903249871777,3,"Xe135 $(n, \gamma )$",25
1593,541350,102,25.0,1,linear,1.7578216067514973,3,"Xe135 $(n, \gamma )$",25
1594,641550,102,25.0,1,constant,5.444779891876683,3,"Gd155 $(n, \gamma )$",25
1595,641550,102,25.0,1,linear,1.6704562025070202,3,"Gd155 $(n, \gamma )$",25
1608,541350,102,25.0,2,constant,6.945804386005805,3,"Xe135 $(n, \gamma )$",25
1609,541350,102,25.0,2,linear,1.827134757298643,3,"Xe135 $(n, \gamma )$",25
1610,541350,102,25.0,2,quadratic,4.440373586408541,3,"Xe135 $(n, \gamma )$",25
1611,641550,102,25.0,2,constant,6.336716011644072,3,"Gd155 $(n, \gamma )$",25
1612,641550,102,25.0,2,linear,1.7319203774123548,3,"Gd155 $(n, \gamma )$",25
1613,641550,102,25.0,2,quadratic,3.825859438066148,3,"Gd155 $(n, \gamma )$",25
1626,541350,102,25.0,3,constant,7.50061197370262,3,"Xe135 $(n, \gamma )$",25
1627,541350,102,25.0,3,linear,1.8800520321352043,3,"Xe135 $(n, \gamma )$",25
1628,541350,102,25.0,3,quadratic,2.8235675128710946,3,"Xe135 $(n, \gamma )$",25
1629,641550,102,25.0,3,constant,6.845602968259734,3,"Gd155 $(n, \gamma )$",25
1630,641550,102,25.0,3,linear,1.7783499852105589,3,"Gd155 $(n, \gamma )$",25
1631,641550,102,25.0,3,quadratic,2.362944426135938,3,"Gd155 $(n, \gamma )$",25
1640,541350,102,25.0,1,constant,6.185700420575846,4,"Xe135 $(n, \gamma )$",25
1641,541350,102,25.0,1,linear,1.7040675274256678,4,"Xe135 $(n, \gamma )$",25
1642,641550,102,25.0,1,constant,5.661467674845833,4,"Gd155 $(n, \gamma )$",25
1643,641550,102,25.0,1,linear,1.5624233371312357,4,"Gd155 $(n, \gamma )$",25
1656,541350,102,25.0,2,constant,7.1497897120673,4,"Xe135 $(n, \gamma )$",25
1657,541350,102,25.0,2,linear,1.7319983947341133,4,"Xe135 $(n, \gamma )$",25
1658,541350,102,25.0,2,quadratic,0.7935965684272572,4,"Xe135 $(n, \gamma )$",25
1659,641550,102,25.0,2,constant,6.551892698333095,4,"Gd155 $(n, \gamma )$",25
1660,641550,102,25.0,2,linear,1.6004202759215769,4,"Gd155 $(n, \gamma )$",25
1661,641550,102,25.0,2,quadratic,1.835379843153273,4,"Gd155 $(n, \gamma )$",25
1674,541350,102,25.0,3,constant,7.700802917561256,4,"Xe135 $(n, \gamma )$",25
1675,541350,102,25.0,3,linear,1.7682439595414823,4,"Xe135 $(n, \gamma )$",25
1676,541350,102,25.0,3,quadratic,1.02153478680298,4,"Xe135 $(n, \gamma )$",25
1677,641550,102,25.0,3,constant,7.053665371007378,4,"Gd155 $(n, \gamma )$",25
1678,641550,102,25.0,3,linear,1.6272221876337145,4,"Gd155 $(n, \gamma )$",25
1679,641550,102,25.0,3,quadratic,0.8189865149453412,4,"Gd155 $(n, \gamma )$",25
1688,541350,102,25.0,1,constant,6.190930759288005,5,"Xe135 $(n, \gamma )$",25
1689,541350,102,25.0,1,linear,1.7360575839865833,5,"Xe135 $(n, \gamma )$",25
1690,641550,102,25.0,1,constant,5.6671981526280835,5,"Gd155 $(n, \gamma )$",25
1691,641550,102,25.0,1,linear,1.6076533978447327,5,"Gd155 $(n, \gamma )$",25
1704,541350,102,25.0,2,constant,7.137323261669559,5,"Xe135 $(n, \gamma )$",25
1705,541350,102,25.0,2,linear,1.7282412955810011,5,"Xe135 $(n, \gamma )$",25
1706,541350,102,25.0,2,quadratic,2.435014143324532,5,"Xe135 $(n, \gamma )$",25
1707,641550,102,25.0,2,constant,6.540026391027065,5,"Gd155 $(n, \gamma )$",25
1708,641550,102,25.0,2,linear,1.6074050951708774,5,"Gd155 $(n, \gamma )$",25
1709,641550,102,25.0,2,quadratic,1.629857386949618,5,"Gd155 $(n, \gamma )$",25
1722,541350,102,25.0,3,constant,7.685078679932178,5,"Xe135 $(n, \gamma )$",25
1723,541350,102,25.0,3,linear,1.76076726431732,5,"Xe135 $(n, \gamma )$",25
1724,541350,102,25.0,3,quadratic,0.016035758610155604,5,"Xe135 $(n, \gamma )$",25
1725,641550,102,25.0,3,constant,7.047366395425558,5,"Gd155 $(n, \gamma )$",25
1726,641550,102,25.0,3,linear,1.643713141461245,5,"Gd155 $(n, \gamma )$",25
1727,641550,102,25.0,3,quadratic,0.5270369281523468,5,"Gd155 $(n, \gamma )$",25
1736,541350,102,25.0,1,constant,6.195488542139582,6,"Xe135 $(n, \gamma )$",25
1737,541350,102,25.0,1,linear,1.3136514612057448,6,"Xe135 $(n, \gamma )$",25
1738,641550,102,25.0,1,constant,5.6789398129929225,6,"Gd155 $(n, \gamma )$",25
1739,641550,102,25.0,1,linear,1.2980750577815225,6,"Gd155 $(n, \gamma )$",25
1752,541350,102,25.0,2,constant,7.111081905581207,6,"Xe135 $(n, \gamma )$",25
1753,541350,102,25.0,2,linear,1.3370330144963138,6,"Xe135 $(n, \gamma )$",25
1754,541350,102,25.0,2,quadratic,0.7771989772756172,6,"Xe135 $(n, \gamma )$",25
1755,641550,102,25.0,2,constant,6.519751026765164,6,"Gd155 $(n, \gamma )$",25
1756,641550,102,25.0,2,linear,1.3038322017803639,6,"Gd155 $(n, \gamma )$",25
1757,641550,102,25.0,2,quadratic,0.7832535271139807,6,"Gd155 $(n, \gamma )$",25
1770,541350,102,25.0,3,constant,7.639668809290545,6,"Xe135 $(n, \gamma )$",25
1771,541350,102,25.0,3,linear,1.3787759068869088,6,"Xe135 $(n, \gamma )$",25
1772,541350,102,25.0,3,quadratic,1.6399604618332564,6,"Xe135 $(n, \gamma )$",25
1773,641550,102,25.0,3,constant,7.006252043830807,6,"Gd155 $(n, \gamma )$",25
1774,641550,102,25.0,3,linear,1.337604954942273,6,"Gd155 $(n, \gamma )$",25
1775,641550,102,25.0,3,quadratic,0.8139076607140083,6,"Gd155 $(n, \gamma )$",25
1784,541350,102,25.0,1,constant,6.125808913217168,7,"Xe135 $(n, \gamma )$",25
1785,541350,102,25.0,1,linear,0.7006074735469658,7,"Xe135 $(n, \gamma )$",25
1786,641550,102,25.0,1,constant,5.639166973582865,7,"Gd155 $(n, \gamma )$",25
1787,641550,102,25.0,1,linear,0.66126494123947,7,"Gd155 $(n, \gamma )$",25
1800,541350,102,25.0,2,constant,6.962411948381786,7,"Xe135 $(n, \gamma )$",25
1801,541350,102,25.0,2,linear,0.7287253263742133,7,"Xe135 $(n, \gamma )$",25
1802,541350,102,25.0,2,quadratic,1.8137774427312792,7,"Xe135 $(n, \gamma )$",25
1803,641550,102,25.0,2,constant,6.411200767848602,7,"Gd155 $(n, \gamma )$",25
1804,641550,102,25.0,2,linear,0.6870423033152662,7,"Gd155 $(n, \gamma )$",25
1805,641550,102,25.0,2,quadratic,1.6438260905387914,7,"Gd155 $(n, \gamma )$",25
1818,541350,102,25.0,3,constant,7.436744037926535,7,"Xe135 $(n, \gamma )$",25
1819,541350,102,25.0,3,linear,0.7555440361748045,7,"Xe135 $(n, \gamma )$",25
1820,541350,102,25.0,3,quadratic,1.473338789106582,7,"Xe135 $(n, \gamma )$",25
1821,641550,102,25.0,3,constant,6.8513465251504035,7,"Gd155 $(n, \gamma )$",25
1822,641550,102,25.0,3,linear,0.7156541786246695,7,"Gd155 $(n, \gamma )$",25
1823,641550,102,25.0,3,quadratic,1.5689816852408,7,"Gd155 $(n, \gamma )$",25
1832,541350,102,25.0,1,constant,5.591807087157741,8,"Xe135 $(n, \gamma )$",25
1833,541350,102,25.0,1,linear,0.15127594052217752,8,"Xe135 $(n, \gamma )$",25
1834,641550,102,25.0,1,constant,5.2036148548639805,8,"Gd155 $(n, \gamma )$",25
1835,641550,102,25.0,1,linear,0.1776149330592891,8,"Gd155 $(n, \gamma )$",25
1848,541350,102,25.0,2,constant,6.308366800133691,8,"Xe135 $(n, \gamma )$",25
1849,541350,102,25.0,2,linear,0.19545295609363356,8,"Xe135 $(n, \gamma )$",25
1850,541350,102,25.0,2,quadratic,3.799168721160484,8,"Xe135 $(n, \gamma )$",25
1851,641550,102,25.0,2,constant,5.869484674661218,8,"Gd155 $(n, \gamma )$",25
1852,641550,102,25.0,2,linear,0.21007016732758066,8,"Gd155 $(n, \gamma )$",25
1853,641550,102,25.0,2,quadratic,2.724631977474612,8,"Gd155 $(n, \gamma )$",25
1866,541350,102,25.0,3,constant,6.706116470468171,8,"Xe135 $(n, \gamma )$",25
1867,541350,102,25.0,3,linear,0.21268299476125962,8,"Xe135 $(n, \gamma )$",25
1868,541350,102,25.0,3,quadratic,1.7963879757150858,8,"Xe135 $(n, \gamma )$",25
1869,641550,102,25.0,3,constant,6.2383056205631116,8,"Gd155 $(n, \gamma )$",25
1870,641550,102,25.0,3,linear,0.22133667993524675,8,"Gd155 $(n, \gamma )$",25
1871,641550,102,25.0,3,quadratic,1.1712342700335165,8,"Gd155 $(n, \gamma )$",25
1880,541350,102,25.0,1,constant,4.067691666714879,9,"Xe135 $(n, \gamma )$",25
1881,541350,102,25.0,1,linear,0.2528744943956829,9,"Xe135 $(n, \gamma )$",25
1882,641550,102,25.0,1,constant,3.8353990326480902,9,"Gd155 $(n, \gamma )$",25
1883,641550,102,25.0,1,linear,0.27260753152531514,9,"Gd155 $(n, \gamma )$",25
1896,541350,102,25.0,2,constant,4.55270533273926,9,"Xe135 $(n, \gamma )$",25
1897,541350,102,25.0,2,linear,0.208946098676277,9,"Xe135 $(n, \gamma )$",25
1898,541350,102,25.0,2,quadratic,4.181086803921108,9,"Xe135 $(n, \gamma )$",25
1899,641550,102,25.0,2,constant,4.307378937064565,9,"Gd155 $(n, \gamma )$",25
1900,641550,102,25.0,2,linear,0.20092216978064847,9,"Gd155 $(n, \gamma )$",25
1901,641550,102,25.0,2,quadratic,6.682933149076975,9,"Gd155 $(n, \gamma )$",25
1914,541350,102,25.0,3,constant,4.825881154774225,9,"Xe135 $(n, \gamma )$",25
1915,541350,102,25.0,3,linear,0.18522298146701477,9,"Xe135 $(n, \gamma )$",25
1916,541350,102,25.0,3,quadratic,2.5779825446178517,9,"Xe135 $(n, \gamma )$",25
1917,641550,102,25.0,3,constant,4.561857617896026,9,"Gd155 $(n, \gamma )$",25
1918,641550,102,25.0,3,linear,0.18461843832935365,9,"Gd155 $(n, \gamma )$",25
1919,641550,102,25.0,3,quadratic,2.7461164153398387,9,"Gd155 $(n, \gamma )$",25
